# NACA 0012, Re = 1e5
-180.0, -0.000, 0.0250
-179.0, -0.002, 0.0250
-178.0, -0.006, 0.0253
-177.0, -0.014, 0.0260
-176.0, -0.024, 0.0273
-175.0, -0.038, 0.0296
-174.0, -0.054, 0.0329
-173.0, -0.074, 0.0375
-172.0, -0.096, 0.0437
-171.0, -0.121, 0.0515
-170.0, -0.149, 0.0613
-169.0, -0.179, 0.0733
-168.0, -0.213, 0.0875
-167.0, -0.248, 0.1043
-166.0, -0.286, 0.1237
-165.0, -0.327, 0.1461
-164.0, -0.346, 0.1623
-163.0, -0.365, 0.1795
-162.0, -0.384, 0.1976
-161.0, -0.402, 0.2165
-160.0, -0.420, 0.2364
-159.0, -0.437, 0.2571
-158.0, -0.454, 0.2786
-157.0, -0.470, 0.3009
-156.0, -0.486, 0.3239
-155.0, -0.500, 0.3477
-154.0, -0.515, 0.3722
-153.0, -0.529, 0.3974
-152.0, -0.542, 0.4232
-151.0, -0.554, 0.4496
-150.0, -0.566, 0.4767
-149.0, -0.577, 0.5042
-148.0, -0.587, 0.5323
-147.0, -0.597, 0.5608
-146.0, -0.606, 0.5898
-145.0, -0.614, 0.6192
-144.0, -0.621, 0.6490
-143.0, -0.628, 0.6791
-142.0, -0.634, 0.7096
-141.0, -0.639, 0.7402
-140.0, -0.643, 0.7711
-139.0, -0.647, 0.8022
-138.0, -0.650, 0.8335
-137.0, -0.652, 0.8648
-136.0, -0.653, 0.8962
-135.0, -0.653, 0.9277
-134.0, -0.653, 0.9591
-133.0, -0.652, 0.9905
-132.0, -0.650, 1.0218
-131.0, -0.647, 1.0530
-130.0, -0.643, 1.0841
-129.0, -0.639, 1.1149
-128.0, -0.634, 1.1455
-127.0, -0.628, 1.1759
-126.0, -0.621, 1.2059
-125.0, -0.614, 1.2356
-124.0, -0.606, 1.2649
-123.0, -0.597, 1.2937
-122.0, -0.587, 1.3222
-121.0, -0.577, 1.3501
-120.0, -0.566, 1.3775
-119.0, -0.554, 1.4043
-118.0, -0.542, 1.4306
-117.0, -0.529, 1.4562
-116.0, -0.515, 1.4812
-115.0, -0.500, 1.5055
-114.0, -0.486, 1.5291
-113.0, -0.470, 1.5519
-112.0, -0.454, 1.5740
-111.0, -0.437, 1.5952
-110.0, -0.420, 1.6157
-109.0, -0.402, 1.6352
-108.0, -0.384, 1.6539
-107.0, -0.365, 1.6717
-106.0, -0.346, 1.6886
-105.0, -0.327, 1.7046
-104.0, -0.307, 1.7195
-103.0, -0.286, 1.7335
-102.0, -0.266, 1.7465
-101.0, -0.245, 1.7585
-100.0, -0.223, 1.7695
 -99.0, -0.202, 1.7794
 -98.0, -0.180, 1.7882
 -97.0, -0.158, 1.7960
 -96.0, -0.136, 1.8027
 -95.0, -0.113, 1.8084
 -94.0, -0.091, 1.8129
 -93.0, -0.068, 1.8163
 -92.0, -0.046, 1.8187
 -91.0, -0.023, 1.8199
 -90.0, -0.000, 1.8200
 -89.0, -0.029, 1.8197
 -88.0, -0.059, 1.8183
 -87.0, -0.088, 1.8157
 -86.0, -0.117, 1.8121
 -85.0, -0.146, 1.8074
 -84.0, -0.175, 1.8016
 -83.0, -0.203, 1.7947
 -82.0, -0.232, 1.7867
 -81.0, -0.260, 1.7777
 -80.0, -0.287, 1.7676
 -79.0, -0.315, 1.7564
 -78.0, -0.342, 1.7442
 -77.0, -0.368, 1.7311
 -76.0, -0.394, 1.7169
 -75.0, -0.420, 1.7017
 -74.0, -0.445, 1.6856
 -73.0, -0.470, 1.6685
 -72.0, -0.494, 1.6505
 -71.0, -0.517, 1.6316
 -70.0, -0.540, 1.6119
 -69.0, -0.562, 1.5913
 -68.0, -0.584, 1.5698
 -67.0, -0.604, 1.5476
 -66.0, -0.624, 1.5246
 -65.0, -0.643, 1.5009
 -64.0, -0.662, 1.4764
 -63.0, -0.680, 1.4512
 -62.0, -0.696, 1.4254
 -61.0, -0.712, 1.3990
 -60.0, -0.727, 1.3720
 -59.0, -0.742, 1.3444
 -58.0, -0.755, 1.3163
 -57.0, -0.767, 1.2878
 -56.0, -0.779, 1.2587
 -55.0, -0.789, 1.2293
 -54.0, -0.799, 1.1994
 -53.0, -0.807, 1.1693
 -52.0, -0.815, 1.1388
 -51.0, -0.822, 1.1080
 -50.0, -0.827, 1.0770
 -49.0, -0.832, 1.0458
 -48.0, -0.835, 1.0145
 -47.0, -0.838, 0.9830
 -46.0, -0.839, 0.9515
 -45.0, -0.840, 0.9199
 -44.0, -0.839, 0.8883
 -43.0, -0.838, 0.8568
 -42.0, -0.835, 0.8253
 -41.0, -0.832, 0.7939
 -40.0, -0.827, 0.7627
 -39.0, -0.822, 0.7317
 -38.0, -0.815, 0.7009
 -37.0, -0.807, 0.6704
 -36.0, -0.799, 0.6401
 -35.0, -0.789, 0.6102
 -34.0, -0.779, 0.5807
 -33.0, -0.767, 0.5516
 -32.0, -0.755, 0.5230
 -31.0, -0.742, 0.4948
 -30.0, -0.727, 0.4671
 -29.0, -0.712, 0.4400
 -28.0, -0.696, 0.4135
 -27.0, -0.680, 0.3876
 -26.0, -0.662, 0.3623
 -25.0, -0.643, 0.3378
 -24.0, -0.644, 0.2940
 -23.0, -0.647, 0.2556
 -22.0, -0.654, 0.2224
 -21.0, -0.665, 0.1941
 -20.0, -0.680, 0.1705
 -19.0, -0.699, 0.1515
 -18.0, -0.722, 0.1366
 -17.0, -0.750, 0.1258
 -16.0, -0.783, 0.1187
 -15.0, -0.820, 0.1150
 -14.0, -0.840, 0.0983
 -13.0, -0.860, 0.0817
 -12.0, -0.880, 0.0650
 -11.0, -0.810, 0.0517
 -10.0, -0.740, 0.0384
  -9.0, -0.695, 0.0341
  -8.0, -0.650, 0.0298
  -7.0, -0.600, 0.0260
  -6.0, -0.550, 0.0221
  -5.0, -0.480, 0.0198
  -4.0, -0.410, 0.0175
  -3.0, -0.310, 0.0163
  -2.0, -0.210, 0.0152
  -1.0, -0.105, 0.0146
   0.0,  0.000, 0.0140
   1.0,  0.105, 0.0146
   2.0,  0.210, 0.0152
   3.0,  0.310, 0.0163
   4.0,  0.410, 0.0175
   5.0,  0.480, 0.0198
   6.0,  0.550, 0.0221
   7.0,  0.600, 0.0260
   8.0,  0.650, 0.0298
   9.0,  0.695, 0.0341
  10.0,  0.740, 0.0384
  11.0,  0.810, 0.0517
  12.0,  0.880, 0.0650
  13.0,  0.860, 0.0817
  14.0,  0.840, 0.0983
  15.0,  0.820, 0.1150
  16.0,  0.783, 0.1187
  17.0,  0.750, 0.1258
  18.0,  0.722, 0.1366
  19.0,  0.699, 0.1515
  20.0,  0.680, 0.1705
  21.0,  0.665, 0.1941
  22.0,  0.654, 0.2224
  23.0,  0.647, 0.2556
  24.0,  0.644, 0.2940
  25.0,  0.643, 0.3378
  26.0,  0.662, 0.3623
  27.0,  0.680, 0.3876
  28.0,  0.696, 0.4135
  29.0,  0.712, 0.4400
  30.0,  0.727, 0.4671
  31.0,  0.742, 0.4948
  32.0,  0.755, 0.5230
  33.0,  0.767, 0.5516
  34.0,  0.779, 0.5807
  35.0,  0.789, 0.6102
  36.0,  0.799, 0.6401
  37.0,  0.807, 0.6704
  38.0,  0.815, 0.7009
  39.0,  0.822, 0.7317
  40.0,  0.827, 0.7627
  41.0,  0.832, 0.7939
  42.0,  0.835, 0.8253
  43.0,  0.838, 0.8568
  44.0,  0.839, 0.8883
  45.0,  0.840, 0.9199
  46.0,  0.839, 0.9515
  47.0,  0.838, 0.9830
  48.0,  0.835, 1.0145
  49.0,  0.832, 1.0458
  50.0,  0.827, 1.0770
  51.0,  0.822, 1.1080
  52.0,  0.815, 1.1388
  53.0,  0.807, 1.1693
  54.0,  0.799, 1.1994
  55.0,  0.789, 1.2293
  56.0,  0.779, 1.2587
  57.0,  0.767, 1.2878
  58.0,  0.755, 1.3163
  59.0,  0.742, 1.3444
  60.0,  0.727, 1.3720
  61.0,  0.712, 1.3990
  62.0,  0.696, 1.4254
  63.0,  0.680, 1.4512
  64.0,  0.662, 1.4764
  65.0,  0.643, 1.5009
  66.0,  0.624, 1.5246
  67.0,  0.604, 1.5476
  68.0,  0.584, 1.5698
  69.0,  0.562, 1.5913
  70.0,  0.540, 1.6119
  71.0,  0.517, 1.6316
  72.0,  0.494, 1.6505
  73.0,  0.470, 1.6685
  74.0,  0.445, 1.6856
  75.0,  0.420, 1.7017
  76.0,  0.394, 1.7169
  77.0,  0.368, 1.7311
  78.0,  0.342, 1.7442
  79.0,  0.315, 1.7564
  80.0,  0.287, 1.7676
  81.0,  0.260, 1.7777
  82.0,  0.232, 1.7867
  83.0,  0.203, 1.7947
  84.0,  0.175, 1.8016
  85.0,  0.146, 1.8074
  86.0,  0.117, 1.8121
  87.0,  0.088, 1.8157
  88.0,  0.059, 1.8183
  89.0,  0.029, 1.8197
  90.0,  0.000, 1.8200
  91.0,  0.023, 1.8199
  92.0,  0.046, 1.8187
  93.0,  0.068, 1.8163
  94.0,  0.091, 1.8129
  95.0,  0.113, 1.8084
  96.0,  0.136, 1.8027
  97.0,  0.158, 1.7960
  98.0,  0.180, 1.7882
  99.0,  0.202, 1.7794
 100.0,  0.223, 1.7695
 101.0,  0.245, 1.7585
 102.0,  0.266, 1.7465
 103.0,  0.286, 1.7335
 104.0,  0.307, 1.7195
 105.0,  0.327, 1.7046
 106.0,  0.346, 1.6886
 107.0,  0.365, 1.6717
 108.0,  0.384, 1.6539
 109.0,  0.402, 1.6352
 110.0,  0.420, 1.6157
 111.0,  0.437, 1.5952
 112.0,  0.454, 1.5740
 113.0,  0.470, 1.5519
 114.0,  0.486, 1.5291
 115.0,  0.500, 1.5055
 116.0,  0.515, 1.4812
 117.0,  0.529, 1.4562
 118.0,  0.542, 1.4306
 119.0,  0.554, 1.4043
 120.0,  0.566, 1.3775
 121.0,  0.577, 1.3501
 122.0,  0.587, 1.3222
 123.0,  0.597, 1.2937
 124.0,  0.606, 1.2649
 125.0,  0.614, 1.2356
 126.0,  0.621, 1.2059
 127.0,  0.628, 1.1759
 128.0,  0.634, 1.1455
 129.0,  0.639, 1.1149
 130.0,  0.643, 1.0841
 131.0,  0.647, 1.0530
 132.0,  0.650, 1.0218
 133.0,  0.652, 0.9905
 134.0,  0.653, 0.9591
 135.0,  0.653, 0.9277
 136.0,  0.653, 0.8962
 137.0,  0.652, 0.8648
 138.0,  0.650, 0.8335
 139.0,  0.647, 0.8022
 140.0,  0.643, 0.7711
 141.0,  0.639, 0.7402
 142.0,  0.634, 0.7096
 143.0,  0.628, 0.6791
 144.0,  0.621, 0.6490
 145.0,  0.614, 0.6192
 146.0,  0.606, 0.5898
 147.0,  0.597, 0.5608
 148.0,  0.587, 0.5323
 149.0,  0.577, 0.5042
 150.0,  0.566, 0.4767
 151.0,  0.554, 0.4496
 152.0,  0.542, 0.4232
 153.0,  0.529, 0.3974
 154.0,  0.515, 0.3722
 155.0,  0.500, 0.3477
 156.0,  0.486, 0.3239
 157.0,  0.470, 0.3009
 158.0,  0.454, 0.2786
 159.0,  0.437, 0.2571
 160.0,  0.420, 0.2364
 161.0,  0.402, 0.2165
 162.0,  0.384, 0.1976
 163.0,  0.365, 0.1795
 164.0,  0.346, 0.1623
 165.0,  0.327, 0.1461
 166.0,  0.286, 0.1237
 167.0,  0.248, 0.1043
 168.0,  0.213, 0.0875
 169.0,  0.179, 0.0733
 170.0,  0.149, 0.0613
 171.0,  0.121, 0.0515
 172.0,  0.096, 0.0437
 173.0,  0.074, 0.0375
 174.0,  0.054, 0.0329
 175.0,  0.038, 0.0296
 176.0,  0.024, 0.0273
 177.0,  0.014, 0.0260
 178.0,  0.006, 0.0253
 179.0,  0.002, 0.0250
 180.0,  0.000, 0.0250